variable_x,variable_y,source_x,source_y,correlation_method,r,p_value,n_rows,n_participants,city,season,wearable_field_indicator_flag,status,notes
Temp_uHoo,SleepTotal,residential uHoo IAQ,Garmin-derived wearable sleep indicator,Pearson,-0.09730740127122231,0.06628645787701776,357,50,All,All,wearable-derived field indicator; not clinical or polysomnography-equivalent,PASS,Aggregate pairwise complete correlation; participant-night rows not exported.
Temp_uHoo,SleepLight,residential uHoo IAQ,Garmin-derived wearable sleep indicator,Pearson,-0.020424219609936275,0.7005404629862834,357,50,All,All,wearable-derived field indicator; not clinical or polysomnography-equivalent,PASS,Aggregate pairwise complete correlation; participant-night rows not exported.
Temp_uHoo,SleepDeep,residential uHoo IAQ,Garmin-derived wearable sleep indicator,Pearson,-0.04233255655037073,0.4252173077050027,357,50,All,All,wearable-derived field indicator; not clinical or polysomnography-equivalent,PASS,Aggregate pairwise complete correlation; participant-night rows not exported.
Temp_uHoo,SleepREM,residential uHoo IAQ,Garmin-derived wearable sleep indicator,Pearson,0.08577290955206036,0.10567754496508908,357,50,All,All,wearable-derived field indicator; not clinical or polysomnography-equivalent,PASS,Aggregate pairwise complete correlation; participant-night rows not exported.
Humi_uHoo,SleepTotal,residential uHoo IAQ,Garmin-derived wearable sleep indicator,Pearson,0.0424801559498719,0.42360345508924935,357,50,All,All,wearable-derived field indicator; not clinical or polysomnography-equivalent,PASS,Aggregate pairwise complete correlation; participant-night rows not exported.
Humi_uHoo,SleepLight,residential uHoo IAQ,Garmin-derived wearable sleep indicator,Pearson,0.0643247858335175,0.2253690400354118,357,50,All,All,wearable-derived field indicator; not clinical or polysomnography-equivalent,PASS,Aggregate pairwise complete correlation; participant-night rows not exported.
Humi_uHoo,SleepDeep,residential uHoo IAQ,Garmin-derived wearable sleep indicator,Pearson,-0.13798311504290403,0.009041818202906128,357,50,All,All,wearable-derived field indicator; not clinical or polysomnography-equivalent,PASS,Aggregate pairwise complete correlation; participant-night rows not exported.
Humi_uHoo,SleepREM,residential uHoo IAQ,Garmin-derived wearable sleep indicator,Pearson,0.13549767148401284,0.010377059526787533,357,50,All,All,wearable-derived field indicator; not clinical or polysomnography-equivalent,PASS,Aggregate pairwise complete correlation; participant-night rows not exported.
PM25_uHoo,SleepTotal,residential uHoo IAQ,Garmin-derived wearable sleep indicator,Pearson,-0.13174777065081844,0.012109120935916233,362,51,All,All,wearable-derived field indicator; not clinical or polysomnography-equivalent,PASS,Aggregate pairwise complete correlation; participant-night rows not exported.
PM25_uHoo,SleepLight,residential uHoo IAQ,Garmin-derived wearable sleep indicator,Pearson,-0.08990672830494462,0.08761096115589727,362,51,All,All,wearable-derived field indicator; not clinical or polysomnography-equivalent,PASS,Aggregate pairwise complete correlation; participant-night rows not exported.
PM25_uHoo,SleepDeep,residential uHoo IAQ,Garmin-derived wearable sleep indicator,Pearson,0.11759602830650091,0.025257114464734522,362,51,All,All,wearable-derived field indicator; not clinical or polysomnography-equivalent,PASS,Aggregate pairwise complete correlation; participant-night rows not exported.
PM25_uHoo,SleepREM,residential uHoo IAQ,Garmin-derived wearable sleep indicator,Pearson,-0.0774018551654505,0.14162048162224358,362,51,All,All,wearable-derived field indicator; not clinical or polysomnography-equivalent,PASS,Aggregate pairwise complete correlation; participant-night rows not exported.
TVOC_uHoo,SleepTotal,residential uHoo IAQ,Garmin-derived wearable sleep indicator,Pearson,0.0015277292223776426,0.9768912939377843,362,51,All,All,wearable-derived field indicator; not clinical or polysomnography-equivalent,PASS,Aggregate pairwise complete correlation; participant-night rows not exported.
TVOC_uHoo,SleepLight,residential uHoo IAQ,Garmin-derived wearable sleep indicator,Pearson,-0.1639594065317291,0.0017483064451943463,362,51,All,All,wearable-derived field indicator; not clinical or polysomnography-equivalent,PASS,Aggregate pairwise complete correlation; participant-night rows not exported.
TVOC_uHoo,SleepDeep,residential uHoo IAQ,Garmin-derived wearable sleep indicator,Pearson,0.17473111552463652,0.0008416883816989322,362,51,All,All,wearable-derived field indicator; not clinical or polysomnography-equivalent,PASS,Aggregate pairwise complete correlation; participant-night rows not exported.
TVOC_uHoo,SleepREM,residential uHoo IAQ,Garmin-derived wearable sleep indicator,Pearson,-0.081485207033531,0.12172482020058184,362,51,All,All,wearable-derived field indicator; not clinical or polysomnography-equivalent,PASS,Aggregate pairwise complete correlation; participant-night rows not exported.
CO2_uHoo,SleepTotal,residential uHoo IAQ,Garmin-derived wearable sleep indicator,Pearson,0.03644786467882388,0.48937749375034095,362,51,All,All,wearable-derived field indicator; not clinical or polysomnography-equivalent,PASS,Aggregate pairwise complete correlation; participant-night rows not exported.
CO2_uHoo,SleepLight,residential uHoo IAQ,Garmin-derived wearable sleep indicator,Pearson,-0.15170158123490848,0.003814610714661808,362,51,All,All,wearable-derived field indicator; not clinical or polysomnography-equivalent,PASS,Aggregate pairwise complete correlation; participant-night rows not exported.
CO2_uHoo,SleepDeep,residential uHoo IAQ,Garmin-derived wearable sleep indicator,Pearson,0.21298728589083182,4.401713623866855e-05,362,51,All,All,wearable-derived field indicator; not clinical or polysomnography-equivalent,PASS,Aggregate pairwise complete correlation; participant-night rows not exported.
CO2_uHoo,SleepREM,residential uHoo IAQ,Garmin-derived wearable sleep indicator,Pearson,-0.15247978260701417,0.0036361393913710125,362,51,All,All,wearable-derived field indicator; not clinical or polysomnography-equivalent,PASS,Aggregate pairwise complete correlation; participant-night rows not exported.
CO_uHoo,SleepTotal,residential uHoo IAQ,Garmin-derived wearable sleep indicator,Pearson,-0.1567325213968289,0.02244841255548513,212,33,All,All,wearable-derived field indicator; not clinical or polysomnography-equivalent,PASS,Aggregate pairwise complete correlation; participant-night rows not exported.
CO_uHoo,SleepLight,residential uHoo IAQ,Garmin-derived wearable sleep indicator,Pearson,0.13446793870748017,0.05055993606413584,212,33,All,All,wearable-derived field indicator; not clinical or polysomnography-equivalent,PASS,Aggregate pairwise complete correlation; participant-night rows not exported.
CO_uHoo,SleepDeep,residential uHoo IAQ,Garmin-derived wearable sleep indicator,Pearson,-0.06148593850204013,0.37303701829584673,212,33,All,All,wearable-derived field indicator; not clinical or polysomnography-equivalent,PASS,Aggregate pairwise complete correlation; participant-night rows not exported.
CO_uHoo,SleepREM,residential uHoo IAQ,Garmin-derived wearable sleep indicator,Pearson,-0.05388453135276711,0.43509706054566494,212,33,All,All,wearable-derived field indicator; not clinical or polysomnography-equivalent,PASS,Aggregate pairwise complete correlation; participant-night rows not exported.
O3_uHoo,SleepTotal,residential uHoo IAQ,Garmin-derived wearable sleep indicator,Pearson,-0.07585895907235118,0.14975438742080777,362,51,All,All,wearable-derived field indicator; not clinical or polysomnography-equivalent,PASS,Aggregate pairwise complete correlation; participant-night rows not exported.
O3_uHoo,SleepLight,residential uHoo IAQ,Garmin-derived wearable sleep indicator,Pearson,0.0810820639208617,0.12358658231055597,362,51,All,All,wearable-derived field indicator; not clinical or polysomnography-equivalent,PASS,Aggregate pairwise complete correlation; participant-night rows not exported.
O3_uHoo,SleepDeep,residential uHoo IAQ,Garmin-derived wearable sleep indicator,Pearson,-0.06442471898887343,0.22140706887268258,362,51,All,All,wearable-derived field indicator; not clinical or polysomnography-equivalent,PASS,Aggregate pairwise complete correlation; participant-night rows not exported.
O3_uHoo,SleepREM,residential uHoo IAQ,Garmin-derived wearable sleep indicator,Pearson,0.007274072259905838,0.8903021964950061,362,51,All,All,wearable-derived field indicator; not clinical or polysomnography-equivalent,PASS,Aggregate pairwise complete correlation; participant-night rows not exported.
NO2_uHoo,SleepTotal,residential uHoo IAQ,Garmin-derived wearable sleep indicator,Pearson,-0.04960536158782353,0.3466425048676758,362,51,All,All,wearable-derived field indicator; not clinical or polysomnography-equivalent,PASS,Aggregate pairwise complete correlation; participant-night rows not exported.
NO2_uHoo,SleepLight,residential uHoo IAQ,Garmin-derived wearable sleep indicator,Pearson,0.05239307419336023,0.3201831952021247,362,51,All,All,wearable-derived field indicator; not clinical or polysomnography-equivalent,PASS,Aggregate pairwise complete correlation; participant-night rows not exported.
NO2_uHoo,SleepDeep,residential uHoo IAQ,Garmin-derived wearable sleep indicator,Pearson,-0.05783118062362606,0.27245501347858175,362,51,All,All,wearable-derived field indicator; not clinical or polysomnography-equivalent,PASS,Aggregate pairwise complete correlation; participant-night rows not exported.
NO2_uHoo,SleepREM,residential uHoo IAQ,Garmin-derived wearable sleep indicator,Pearson,0.029036730333023612,0.5818620462604948,362,51,All,All,wearable-derived field indicator; not clinical or polysomnography-equivalent,PASS,Aggregate pairwise complete correlation; participant-night rows not exported.
Temp_uHoo,SleepTotal,residential uHoo IAQ,Garmin-derived wearable sleep indicator,Pearson,-0.027375486685229065,0.825947262591943,67,12,Milan,Summer,wearable-derived field indicator; not clinical or polysomnography-equivalent,PASS,Aggregate pairwise complete correlation; participant-night rows not exported.
Temp_uHoo,SleepLight,residential uHoo IAQ,Garmin-derived wearable sleep indicator,Pearson,-0.13966464390454775,0.2596470477382523,67,12,Milan,Summer,wearable-derived field indicator; not clinical or polysomnography-equivalent,PASS,Aggregate pairwise complete correlation; participant-night rows not exported.
Temp_uHoo,SleepDeep,residential uHoo IAQ,Garmin-derived wearable sleep indicator,Pearson,-0.005766312943071711,0.9630620281938586,67,12,Milan,Summer,wearable-derived field indicator; not clinical or polysomnography-equivalent,PASS,Aggregate pairwise complete correlation; participant-night rows not exported.
Temp_uHoo,SleepREM,residential uHoo IAQ,Garmin-derived wearable sleep indicator,Pearson,0.1426921932950263,0.2493574127476838,67,12,Milan,Summer,wearable-derived field indicator; not clinical or polysomnography-equivalent,PASS,Aggregate pairwise complete correlation; participant-night rows not exported.
Humi_uHoo,SleepTotal,residential uHoo IAQ,Garmin-derived wearable sleep indicator,Pearson,0.12241766306138399,0.32369525189513837,67,12,Milan,Summer,wearable-derived field indicator; not clinical or polysomnography-equivalent,PASS,Aggregate pairwise complete correlation; participant-night rows not exported.
Humi_uHoo,SleepLight,residential uHoo IAQ,Garmin-derived wearable sleep indicator,Pearson,0.32796741119408424,0.006740716679176956,67,12,Milan,Summer,wearable-derived field indicator; not clinical or polysomnography-equivalent,PASS,Aggregate pairwise complete correlation; participant-night rows not exported.
Humi_uHoo,SleepDeep,residential uHoo IAQ,Garmin-derived wearable sleep indicator,Pearson,-0.27662813002784603,0.023444951555831893,67,12,Milan,Summer,wearable-derived field indicator; not clinical or polysomnography-equivalent,PASS,Aggregate pairwise complete correlation; participant-night rows not exported.
Humi_uHoo,SleepREM,residential uHoo IAQ,Garmin-derived wearable sleep indicator,Pearson,0.07186162840829272,0.563337599767713,67,12,Milan,Summer,wearable-derived field indicator; not clinical or polysomnography-equivalent,PASS,Aggregate pairwise complete correlation; participant-night rows not exported.
PM25_uHoo,SleepTotal,residential uHoo IAQ,Garmin-derived wearable sleep indicator,Pearson,0.19408294952265423,0.11554621503185213,67,12,Milan,Summer,wearable-derived field indicator; not clinical or polysomnography-equivalent,PASS,Aggregate pairwise complete correlation; participant-night rows not exported.
PM25_uHoo,SleepLight,residential uHoo IAQ,Garmin-derived wearable sleep indicator,Pearson,0.09856441325080957,0.42746524353328924,67,12,Milan,Summer,wearable-derived field indicator; not clinical or polysomnography-equivalent,PASS,Aggregate pairwise complete correlation; participant-night rows not exported.
PM25_uHoo,SleepDeep,residential uHoo IAQ,Garmin-derived wearable sleep indicator,Pearson,-0.12102311749469051,0.32927940769345626,67,12,Milan,Summer,wearable-derived field indicator; not clinical or polysomnography-equivalent,PASS,Aggregate pairwise complete correlation; participant-night rows not exported.
PM25_uHoo,SleepREM,residential uHoo IAQ,Garmin-derived wearable sleep indicator,Pearson,0.0747311830339984,0.5478194096694574,67,12,Milan,Summer,wearable-derived field indicator; not clinical or polysomnography-equivalent,PASS,Aggregate pairwise complete correlation; participant-night rows not exported.
TVOC_uHoo,SleepTotal,residential uHoo IAQ,Garmin-derived wearable sleep indicator,Pearson,0.0951747786758163,0.44360495555183366,67,12,Milan,Summer,wearable-derived field indicator; not clinical or polysomnography-equivalent,PASS,Aggregate pairwise complete correlation; participant-night rows not exported.
TVOC_uHoo,SleepLight,residential uHoo IAQ,Garmin-derived wearable sleep indicator,Pearson,-0.11321947793550817,0.3616429603141938,67,12,Milan,Summer,wearable-derived field indicator; not clinical or polysomnography-equivalent,PASS,Aggregate pairwise complete correlation; participant-night rows not exported.
TVOC_uHoo,SleepDeep,residential uHoo IAQ,Garmin-derived wearable sleep indicator,Pearson,-0.0036048245552099427,0.9769032262204319,67,12,Milan,Summer,wearable-derived field indicator; not clinical or polysomnography-equivalent,PASS,Aggregate pairwise complete correlation; participant-night rows not exported.
TVOC_uHoo,SleepREM,residential uHoo IAQ,Garmin-derived wearable sleep indicator,Pearson,0.1141736689130837,0.3575844667829923,67,12,Milan,Summer,wearable-derived field indicator; not clinical or polysomnography-equivalent,PASS,Aggregate pairwise complete correlation; participant-night rows not exported.
CO2_uHoo,SleepTotal,residential uHoo IAQ,Garmin-derived wearable sleep indicator,Pearson,0.019060128296455287,0.8783259458148486,67,12,Milan,Summer,wearable-derived field indicator; not clinical or polysomnography-equivalent,PASS,Aggregate pairwise complete correlation; participant-night rows not exported.
CO2_uHoo,SleepLight,residential uHoo IAQ,Garmin-derived wearable sleep indicator,Pearson,0.42737267387350886,0.0003097082314574345,67,12,Milan,Summer,wearable-derived field indicator; not clinical or polysomnography-equivalent,PASS,Aggregate pairwise complete correlation; participant-night rows not exported.
CO2_uHoo,SleepDeep,residential uHoo IAQ,Garmin-derived wearable sleep indicator,Pearson,-0.34151078368010906,0.004678842589508223,67,12,Milan,Summer,wearable-derived field indicator; not clinical or polysomnography-equivalent,PASS,Aggregate pairwise complete correlation; participant-night rows not exported.
CO2_uHoo,SleepREM,residential uHoo IAQ,Garmin-derived wearable sleep indicator,Pearson,0.06704994028198578,0.5898134815778141,67,12,Milan,Summer,wearable-derived field indicator; not clinical or polysomnography-equivalent,PASS,Aggregate pairwise complete correlation; participant-night rows not exported.
CO_uHoo,SleepTotal,residential uHoo IAQ,Garmin-derived wearable sleep indicator,Pearson,,,39,8,Milan,Summer,wearable-derived field indicator; not clinical or polysomnography-equivalent,INSUFFICIENT_DATA,Aggregate pairwise complete correlation; participant-night rows not exported.
CO_uHoo,SleepLight,residential uHoo IAQ,Garmin-derived wearable sleep indicator,Pearson,,,39,8,Milan,Summer,wearable-derived field indicator; not clinical or polysomnography-equivalent,INSUFFICIENT_DATA,Aggregate pairwise complete correlation; participant-night rows not exported.
CO_uHoo,SleepDeep,residential uHoo IAQ,Garmin-derived wearable sleep indicator,Pearson,,,39,8,Milan,Summer,wearable-derived field indicator; not clinical or polysomnography-equivalent,INSUFFICIENT_DATA,Aggregate pairwise complete correlation; participant-night rows not exported.
CO_uHoo,SleepREM,residential uHoo IAQ,Garmin-derived wearable sleep indicator,Pearson,,,39,8,Milan,Summer,wearable-derived field indicator; not clinical or polysomnography-equivalent,INSUFFICIENT_DATA,Aggregate pairwise complete correlation; participant-night rows not exported.
O3_uHoo,SleepTotal,residential uHoo IAQ,Garmin-derived wearable sleep indicator,Pearson,0.015578216715290295,0.9004276897551388,67,12,Milan,Summer,wearable-derived field indicator; not clinical or polysomnography-equivalent,PASS,Aggregate pairwise complete correlation; participant-night rows not exported.
O3_uHoo,SleepLight,residential uHoo IAQ,Garmin-derived wearable sleep indicator,Pearson,-0.008695602656869967,0.9443222821344919,67,12,Milan,Summer,wearable-derived field indicator; not clinical or polysomnography-equivalent,PASS,Aggregate pairwise complete correlation; participant-night rows not exported.
O3_uHoo,SleepDeep,residential uHoo IAQ,Garmin-derived wearable sleep indicator,Pearson,0.1194031922549637,0.3358421033214148,67,12,Milan,Summer,wearable-derived field indicator; not clinical or polysomnography-equivalent,PASS,Aggregate pairwise complete correlation; participant-night rows not exported.
O3_uHoo,SleepREM,residential uHoo IAQ,Garmin-derived wearable sleep indicator,Pearson,-0.15907275293998888,0.1985241073991628,67,12,Milan,Summer,wearable-derived field indicator; not clinical or polysomnography-equivalent,PASS,Aggregate pairwise complete correlation; participant-night rows not exported.
NO2_uHoo,SleepTotal,residential uHoo IAQ,Garmin-derived wearable sleep indicator,Pearson,0.07220293335745763,0.5614810696931489,67,12,Milan,Summer,wearable-derived field indicator; not clinical or polysomnography-equivalent,PASS,Aggregate pairwise complete correlation; participant-night rows not exported.
NO2_uHoo,SleepLight,residential uHoo IAQ,Garmin-derived wearable sleep indicator,Pearson,-0.03769584939076528,0.7620005058295394,67,12,Milan,Summer,wearable-derived field indicator; not clinical or polysomnography-equivalent,PASS,Aggregate pairwise complete correlation; participant-night rows not exported.
NO2_uHoo,SleepDeep,residential uHoo IAQ,Garmin-derived wearable sleep indicator,Pearson,0.13711502943470671,0.26853209666412803,67,12,Milan,Summer,wearable-derived field indicator; not clinical or polysomnography-equivalent,PASS,Aggregate pairwise complete correlation; participant-night rows not exported.
NO2_uHoo,SleepREM,residential uHoo IAQ,Garmin-derived wearable sleep indicator,Pearson,-0.15596244271925463,0.20755690472019805,67,12,Milan,Summer,wearable-derived field indicator; not clinical or polysomnography-equivalent,PASS,Aggregate pairwise complete correlation; participant-night rows not exported.
Temp_uHoo,SleepTotal,residential uHoo IAQ,Garmin-derived wearable sleep indicator,Pearson,-0.18765994425910837,0.02060551038855364,152,27,Milan,Winter,wearable-derived field indicator; not clinical or polysomnography-equivalent,PASS,Aggregate pairwise complete correlation; participant-night rows not exported.
Temp_uHoo,SleepLight,residential uHoo IAQ,Garmin-derived wearable sleep indicator,Pearson,-0.11089174219302522,0.1738052721679691,152,27,Milan,Winter,wearable-derived field indicator; not clinical or polysomnography-equivalent,PASS,Aggregate pairwise complete correlation; participant-night rows not exported.
Temp_uHoo,SleepDeep,residential uHoo IAQ,Garmin-derived wearable sleep indicator,Pearson,0.04447026791152343,0.586434861859557,152,27,Milan,Winter,wearable-derived field indicator; not clinical or polysomnography-equivalent,PASS,Aggregate pairwise complete correlation; participant-night rows not exported.
Temp_uHoo,SleepREM,residential uHoo IAQ,Garmin-derived wearable sleep indicator,Pearson,0.05995452042423746,0.46311481000309485,152,27,Milan,Winter,wearable-derived field indicator; not clinical or polysomnography-equivalent,PASS,Aggregate pairwise complete correlation; participant-night rows not exported.
Humi_uHoo,SleepTotal,residential uHoo IAQ,Garmin-derived wearable sleep indicator,Pearson,0.017358935583866683,0.8319005846224363,152,27,Milan,Winter,wearable-derived field indicator; not clinical or polysomnography-equivalent,PASS,Aggregate pairwise complete correlation; participant-night rows not exported.
Humi_uHoo,SleepLight,residential uHoo IAQ,Garmin-derived wearable sleep indicator,Pearson,0.058991055613413446,0.4703462244372905,152,27,Milan,Winter,wearable-derived field indicator; not clinical or polysomnography-equivalent,PASS,Aggregate pairwise complete correlation; participant-night rows not exported.
Humi_uHoo,SleepDeep,residential uHoo IAQ,Garmin-derived wearable sleep indicator,Pearson,-0.08630856542469856,0.2903866515394257,152,27,Milan,Winter,wearable-derived field indicator; not clinical or polysomnography-equivalent,PASS,Aggregate pairwise complete correlation; participant-night rows not exported.
Humi_uHoo,SleepREM,residential uHoo IAQ,Garmin-derived wearable sleep indicator,Pearson,0.06093096205011478,0.45584903110254493,152,27,Milan,Winter,wearable-derived field indicator; not clinical or polysomnography-equivalent,PASS,Aggregate pairwise complete correlation; participant-night rows not exported.
PM25_uHoo,SleepTotal,residential uHoo IAQ,Garmin-derived wearable sleep indicator,Pearson,-0.15519019052128138,0.05624897313213399,152,27,Milan,Winter,wearable-derived field indicator; not clinical or polysomnography-equivalent,PASS,Aggregate pairwise complete correlation; participant-night rows not exported.
PM25_uHoo,SleepLight,residential uHoo IAQ,Garmin-derived wearable sleep indicator,Pearson,-0.07238603716174369,0.3754929124625078,152,27,Milan,Winter,wearable-derived field indicator; not clinical or polysomnography-equivalent,PASS,Aggregate pairwise complete correlation; participant-night rows not exported.
PM25_uHoo,SleepDeep,residential uHoo IAQ,Garmin-derived wearable sleep indicator,Pearson,0.074020879885833,0.3647763635718668,152,27,Milan,Winter,wearable-derived field indicator; not clinical or polysomnography-equivalent,PASS,Aggregate pairwise complete correlation; participant-night rows not exported.
PM25_uHoo,SleepREM,residential uHoo IAQ,Garmin-derived wearable sleep indicator,Pearson,-0.02752465015510471,0.7364115405971575,152,27,Milan,Winter,wearable-derived field indicator; not clinical or polysomnography-equivalent,PASS,Aggregate pairwise complete correlation; participant-night rows not exported.
TVOC_uHoo,SleepTotal,residential uHoo IAQ,Garmin-derived wearable sleep indicator,Pearson,0.13143472839166612,0.10651233002697616,152,27,Milan,Winter,wearable-derived field indicator; not clinical or polysomnography-equivalent,PASS,Aggregate pairwise complete correlation; participant-night rows not exported.
TVOC_uHoo,SleepLight,residential uHoo IAQ,Garmin-derived wearable sleep indicator,Pearson,0.08860674309721017,0.2776842609422399,152,27,Milan,Winter,wearable-derived field indicator; not clinical or polysomnography-equivalent,PASS,Aggregate pairwise complete correlation; participant-night rows not exported.
TVOC_uHoo,SleepDeep,residential uHoo IAQ,Garmin-derived wearable sleep indicator,Pearson,0.021423260146018877,0.7933419296620651,152,27,Milan,Winter,wearable-derived field indicator; not clinical or polysomnography-equivalent,PASS,Aggregate pairwise complete correlation; participant-night rows not exported.
TVOC_uHoo,SleepREM,residential uHoo IAQ,Garmin-derived wearable sleep indicator,Pearson,-0.13229315125389052,0.10422548987944721,152,27,Milan,Winter,wearable-derived field indicator; not clinical or polysomnography-equivalent,PASS,Aggregate pairwise complete correlation; participant-night rows not exported.
CO2_uHoo,SleepTotal,residential uHoo IAQ,Garmin-derived wearable sleep indicator,Pearson,0.08507969134257315,0.2973352213764477,152,27,Milan,Winter,wearable-derived field indicator; not clinical or polysomnography-equivalent,PASS,Aggregate pairwise complete correlation; participant-night rows not exported.
CO2_uHoo,SleepLight,residential uHoo IAQ,Garmin-derived wearable sleep indicator,Pearson,-0.23770377667381426,0.0031900777787930317,152,27,Milan,Winter,wearable-derived field indicator; not clinical or polysomnography-equivalent,PASS,Aggregate pairwise complete correlation; participant-night rows not exported.
CO2_uHoo,SleepDeep,residential uHoo IAQ,Garmin-derived wearable sleep indicator,Pearson,0.28222369261494273,0.00042725191790352074,152,27,Milan,Winter,wearable-derived field indicator; not clinical or polysomnography-equivalent,PASS,Aggregate pairwise complete correlation; participant-night rows not exported.
CO2_uHoo,SleepREM,residential uHoo IAQ,Garmin-derived wearable sleep indicator,Pearson,-0.14839315670386638,0.06807255462313845,152,27,Milan,Winter,wearable-derived field indicator; not clinical or polysomnography-equivalent,PASS,Aggregate pairwise complete correlation; participant-night rows not exported.
CO_uHoo,SleepTotal,residential uHoo IAQ,Garmin-derived wearable sleep indicator,Pearson,-0.2682997517272079,0.0021983868085460293,128,23,Milan,Winter,wearable-derived field indicator; not clinical or polysomnography-equivalent,PASS,Aggregate pairwise complete correlation; participant-night rows not exported.
CO_uHoo,SleepLight,residential uHoo IAQ,Garmin-derived wearable sleep indicator,Pearson,0.1652480035148841,0.06231266300675052,128,23,Milan,Winter,wearable-derived field indicator; not clinical or polysomnography-equivalent,PASS,Aggregate pairwise complete correlation; participant-night rows not exported.
CO_uHoo,SleepDeep,residential uHoo IAQ,Garmin-derived wearable sleep indicator,Pearson,-0.08029098040187245,0.36762378838098797,128,23,Milan,Winter,wearable-derived field indicator; not clinical or polysomnography-equivalent,PASS,Aggregate pairwise complete correlation; participant-night rows not exported.
CO_uHoo,SleepREM,residential uHoo IAQ,Garmin-derived wearable sleep indicator,Pearson,-0.06849472906098857,0.4423503544452927,128,23,Milan,Winter,wearable-derived field indicator; not clinical or polysomnography-equivalent,PASS,Aggregate pairwise complete correlation; participant-night rows not exported.
O3_uHoo,SleepTotal,residential uHoo IAQ,Garmin-derived wearable sleep indicator,Pearson,0.00730651662481363,0.9288130072112145,152,27,Milan,Winter,wearable-derived field indicator; not clinical or polysomnography-equivalent,PASS,Aggregate pairwise complete correlation; participant-night rows not exported.
O3_uHoo,SleepLight,residential uHoo IAQ,Garmin-derived wearable sleep indicator,Pearson,0.030250332653270443,0.7114144259459932,152,27,Milan,Winter,wearable-derived field indicator; not clinical or polysomnography-equivalent,PASS,Aggregate pairwise complete correlation; participant-night rows not exported.
O3_uHoo,SleepDeep,residential uHoo IAQ,Garmin-derived wearable sleep indicator,Pearson,-0.1486168475158505,0.06765354910208905,152,27,Milan,Winter,wearable-derived field indicator; not clinical or polysomnography-equivalent,PASS,Aggregate pairwise complete correlation; participant-night rows not exported.
O3_uHoo,SleepREM,residential uHoo IAQ,Garmin-derived wearable sleep indicator,Pearson,0.18586251561521078,0.021873096020563688,152,27,Milan,Winter,wearable-derived field indicator; not clinical or polysomnography-equivalent,PASS,Aggregate pairwise complete correlation; participant-night rows not exported.
NO2_uHoo,SleepTotal,residential uHoo IAQ,Garmin-derived wearable sleep indicator,Pearson,0.0693592470402637,0.39583544382818864,152,27,Milan,Winter,wearable-derived field indicator; not clinical or polysomnography-equivalent,PASS,Aggregate pairwise complete correlation; participant-night rows not exported.
NO2_uHoo,SleepLight,residential uHoo IAQ,Garmin-derived wearable sleep indicator,Pearson,0.03993619697342295,0.6251978570469385,152,27,Milan,Winter,wearable-derived field indicator; not clinical or polysomnography-equivalent,PASS,Aggregate pairwise complete correlation; participant-night rows not exported.
NO2_uHoo,SleepDeep,residential uHoo IAQ,Garmin-derived wearable sleep indicator,Pearson,-0.18976835904064795,0.019199881059882004,152,27,Milan,Winter,wearable-derived field indicator; not clinical or polysomnography-equivalent,PASS,Aggregate pairwise complete correlation; participant-night rows not exported.
NO2_uHoo,SleepREM,residential uHoo IAQ,Garmin-derived wearable sleep indicator,Pearson,0.23584101914029348,0.003444373347099671,152,27,Milan,Winter,wearable-derived field indicator; not clinical or polysomnography-equivalent,PASS,Aggregate pairwise complete correlation; participant-night rows not exported.
Temp_uHoo,SleepTotal,residential uHoo IAQ,Garmin-derived wearable sleep indicator,Pearson,-0.2214251674192519,0.038147809344367546,88,13,Thessaloniki,Summer,wearable-derived field indicator; not clinical or polysomnography-equivalent,PASS,Aggregate pairwise complete correlation; participant-night rows not exported.
Temp_uHoo,SleepLight,residential uHoo IAQ,Garmin-derived wearable sleep indicator,Pearson,-0.30137091554788326,0.004326168715504251,88,13,Thessaloniki,Summer,wearable-derived field indicator; not clinical or polysomnography-equivalent,PASS,Aggregate pairwise complete correlation; participant-night rows not exported.
Temp_uHoo,SleepDeep,residential uHoo IAQ,Garmin-derived wearable sleep indicator,Pearson,0.432894478593685,2.5264812060982535e-05,88,13,Thessaloniki,Summer,wearable-derived field indicator; not clinical or polysomnography-equivalent,PASS,Aggregate pairwise complete correlation; participant-night rows not exported.
Temp_uHoo,SleepREM,residential uHoo IAQ,Garmin-derived wearable sleep indicator,Pearson,-0.35513913393960017,0.0006856419015737748,88,13,Thessaloniki,Summer,wearable-derived field indicator; not clinical or polysomnography-equivalent,PASS,Aggregate pairwise complete correlation; participant-night rows not exported.
Humi_uHoo,SleepTotal,residential uHoo IAQ,Garmin-derived wearable sleep indicator,Pearson,0.19141002850189037,0.0740234073988596,88,13,Thessaloniki,Summer,wearable-derived field indicator; not clinical or polysomnography-equivalent,PASS,Aggregate pairwise complete correlation; participant-night rows not exported.
Humi_uHoo,SleepLight,residential uHoo IAQ,Garmin-derived wearable sleep indicator,Pearson,-0.0569893762048082,0.5979209069370413,88,13,Thessaloniki,Summer,wearable-derived field indicator; not clinical or polysomnography-equivalent,PASS,Aggregate pairwise complete correlation; participant-night rows not exported.
Humi_uHoo,SleepDeep,residential uHoo IAQ,Garmin-derived wearable sleep indicator,Pearson,0.04105546823977778,0.7041028849048868,88,13,Thessaloniki,Summer,wearable-derived field indicator; not clinical or polysomnography-equivalent,PASS,Aggregate pairwise complete correlation; participant-night rows not exported.
Humi_uHoo,SleepREM,residential uHoo IAQ,Garmin-derived wearable sleep indicator,Pearson,-0.0015680243179464863,0.988431829623317,88,13,Thessaloniki,Summer,wearable-derived field indicator; not clinical or polysomnography-equivalent,PASS,Aggregate pairwise complete correlation; participant-night rows not exported.
PM25_uHoo,SleepTotal,residential uHoo IAQ,Garmin-derived wearable sleep indicator,Pearson,-0.12143249017196299,0.24624789935023877,93,14,Thessaloniki,Summer,wearable-derived field indicator; not clinical or polysomnography-equivalent,PASS,Aggregate pairwise complete correlation; participant-night rows not exported.
PM25_uHoo,SleepLight,residential uHoo IAQ,Garmin-derived wearable sleep indicator,Pearson,-0.10071636020234417,0.33676212494065066,93,14,Thessaloniki,Summer,wearable-derived field indicator; not clinical or polysomnography-equivalent,PASS,Aggregate pairwise complete correlation; participant-night rows not exported.
PM25_uHoo,SleepDeep,residential uHoo IAQ,Garmin-derived wearable sleep indicator,Pearson,0.259120204613009,0.012139512928613717,93,14,Thessaloniki,Summer,wearable-derived field indicator; not clinical or polysomnography-equivalent,PASS,Aggregate pairwise complete correlation; participant-night rows not exported.
PM25_uHoo,SleepREM,residential uHoo IAQ,Garmin-derived wearable sleep indicator,Pearson,-0.30628887570364166,0.0028273778327674776,93,14,Thessaloniki,Summer,wearable-derived field indicator; not clinical or polysomnography-equivalent,PASS,Aggregate pairwise complete correlation; participant-night rows not exported.
TVOC_uHoo,SleepTotal,residential uHoo IAQ,Garmin-derived wearable sleep indicator,Pearson,0.015798517356822115,0.8805246343352677,93,14,Thessaloniki,Summer,wearable-derived field indicator; not clinical or polysomnography-equivalent,PASS,Aggregate pairwise complete correlation; participant-night rows not exported.
TVOC_uHoo,SleepLight,residential uHoo IAQ,Garmin-derived wearable sleep indicator,Pearson,-0.4496404373905644,6.141835692149842e-06,93,14,Thessaloniki,Summer,wearable-derived field indicator; not clinical or polysomnography-equivalent,PASS,Aggregate pairwise complete correlation; participant-night rows not exported.
TVOC_uHoo,SleepDeep,residential uHoo IAQ,Garmin-derived wearable sleep indicator,Pearson,0.4178009547837596,3.087884714056873e-05,93,14,Thessaloniki,Summer,wearable-derived field indicator; not clinical or polysomnography-equivalent,PASS,Aggregate pairwise complete correlation; participant-night rows not exported.
TVOC_uHoo,SleepREM,residential uHoo IAQ,Garmin-derived wearable sleep indicator,Pearson,-0.16719187501783267,0.10919311904041068,93,14,Thessaloniki,Summer,wearable-derived field indicator; not clinical or polysomnography-equivalent,PASS,Aggregate pairwise complete correlation; participant-night rows not exported.
CO2_uHoo,SleepTotal,residential uHoo IAQ,Garmin-derived wearable sleep indicator,Pearson,0.025742978234548453,0.8065034494287422,93,14,Thessaloniki,Summer,wearable-derived field indicator; not clinical or polysomnography-equivalent,PASS,Aggregate pairwise complete correlation; participant-night rows not exported.
CO2_uHoo,SleepLight,residential uHoo IAQ,Garmin-derived wearable sleep indicator,Pearson,-0.44166644257166915,9.345842488887962e-06,93,14,Thessaloniki,Summer,wearable-derived field indicator; not clinical or polysomnography-equivalent,PASS,Aggregate pairwise complete correlation; participant-night rows not exported.
CO2_uHoo,SleepDeep,residential uHoo IAQ,Garmin-derived wearable sleep indicator,Pearson,0.46450452966239913,2.728712713805052e-06,93,14,Thessaloniki,Summer,wearable-derived field indicator; not clinical or polysomnography-equivalent,PASS,Aggregate pairwise complete correlation; participant-night rows not exported.
CO2_uHoo,SleepREM,residential uHoo IAQ,Garmin-derived wearable sleep indicator,Pearson,-0.25210923674107316,0.014773336201045388,93,14,Thessaloniki,Summer,wearable-derived field indicator; not clinical or polysomnography-equivalent,PASS,Aggregate pairwise complete correlation; participant-night rows not exported.
CO_uHoo,SleepTotal,residential uHoo IAQ,Garmin-derived wearable sleep indicator,Pearson,,,11,3,Thessaloniki,Summer,wearable-derived field indicator; not clinical or polysomnography-equivalent,INSUFFICIENT_DATA,Aggregate pairwise complete correlation; participant-night rows not exported.
CO_uHoo,SleepLight,residential uHoo IAQ,Garmin-derived wearable sleep indicator,Pearson,,,11,3,Thessaloniki,Summer,wearable-derived field indicator; not clinical or polysomnography-equivalent,INSUFFICIENT_DATA,Aggregate pairwise complete correlation; participant-night rows not exported.
CO_uHoo,SleepDeep,residential uHoo IAQ,Garmin-derived wearable sleep indicator,Pearson,,,11,3,Thessaloniki,Summer,wearable-derived field indicator; not clinical or polysomnography-equivalent,INSUFFICIENT_DATA,Aggregate pairwise complete correlation; participant-night rows not exported.
CO_uHoo,SleepREM,residential uHoo IAQ,Garmin-derived wearable sleep indicator,Pearson,,,11,3,Thessaloniki,Summer,wearable-derived field indicator; not clinical or polysomnography-equivalent,INSUFFICIENT_DATA,Aggregate pairwise complete correlation; participant-night rows not exported.
O3_uHoo,SleepTotal,residential uHoo IAQ,Garmin-derived wearable sleep indicator,Pearson,-0.1586945416315105,0.1286763926759038,93,14,Thessaloniki,Summer,wearable-derived field indicator; not clinical or polysomnography-equivalent,PASS,Aggregate pairwise complete correlation; participant-night rows not exported.
O3_uHoo,SleepLight,residential uHoo IAQ,Garmin-derived wearable sleep indicator,Pearson,0.10324785010018962,0.32469532273597845,93,14,Thessaloniki,Summer,wearable-derived field indicator; not clinical or polysomnography-equivalent,PASS,Aggregate pairwise complete correlation; participant-night rows not exported.
O3_uHoo,SleepDeep,residential uHoo IAQ,Garmin-derived wearable sleep indicator,Pearson,-0.14455490413677904,0.16683173251546468,93,14,Thessaloniki,Summer,wearable-derived field indicator; not clinical or polysomnography-equivalent,PASS,Aggregate pairwise complete correlation; participant-night rows not exported.
O3_uHoo,SleepREM,residential uHoo IAQ,Garmin-derived wearable sleep indicator,Pearson,0.11734965549650266,0.262607607586962,93,14,Thessaloniki,Summer,wearable-derived field indicator; not clinical or polysomnography-equivalent,PASS,Aggregate pairwise complete correlation; participant-night rows not exported.
NO2_uHoo,SleepTotal,residential uHoo IAQ,Garmin-derived wearable sleep indicator,Pearson,-0.1972897235856017,0.05802130032141337,93,14,Thessaloniki,Summer,wearable-derived field indicator; not clinical or polysomnography-equivalent,PASS,Aggregate pairwise complete correlation; participant-night rows not exported.
NO2_uHoo,SleepLight,residential uHoo IAQ,Garmin-derived wearable sleep indicator,Pearson,0.07443488566246263,0.4782622707087126,93,14,Thessaloniki,Summer,wearable-derived field indicator; not clinical or polysomnography-equivalent,PASS,Aggregate pairwise complete correlation; participant-night rows not exported.
NO2_uHoo,SleepDeep,residential uHoo IAQ,Garmin-derived wearable sleep indicator,Pearson,-0.15571864061088975,0.13609425994683547,93,14,Thessaloniki,Summer,wearable-derived field indicator; not clinical or polysomnography-equivalent,PASS,Aggregate pairwise complete correlation; participant-night rows not exported.
NO2_uHoo,SleepREM,residential uHoo IAQ,Garmin-derived wearable sleep indicator,Pearson,0.16824684509839166,0.10694365654032395,93,14,Thessaloniki,Summer,wearable-derived field indicator; not clinical or polysomnography-equivalent,PASS,Aggregate pairwise complete correlation; participant-night rows not exported.
Temp_uHoo,SleepTotal,residential uHoo IAQ,Garmin-derived wearable sleep indicator,Pearson,-0.11792726399836238,0.41471042250390977,50,8,Thessaloniki,Winter,wearable-derived field indicator; not clinical or polysomnography-equivalent,PASS,Aggregate pairwise complete correlation; participant-night rows not exported.
Temp_uHoo,SleepLight,residential uHoo IAQ,Garmin-derived wearable sleep indicator,Pearson,0.15684550275141199,0.2766996158916193,50,8,Thessaloniki,Winter,wearable-derived field indicator; not clinical or polysomnography-equivalent,PASS,Aggregate pairwise complete correlation; participant-night rows not exported.
Temp_uHoo,SleepDeep,residential uHoo IAQ,Garmin-derived wearable sleep indicator,Pearson,-0.10081812478305582,0.486028857614819,50,8,Thessaloniki,Winter,wearable-derived field indicator; not clinical or polysomnography-equivalent,PASS,Aggregate pairwise complete correlation; participant-night rows not exported.
Temp_uHoo,SleepREM,residential uHoo IAQ,Garmin-derived wearable sleep indicator,Pearson,-0.027026986571276498,0.8522017454226336,50,8,Thessaloniki,Winter,wearable-derived field indicator; not clinical or polysomnography-equivalent,PASS,Aggregate pairwise complete correlation; participant-night rows not exported.
Humi_uHoo,SleepTotal,residential uHoo IAQ,Garmin-derived wearable sleep indicator,Pearson,0.019685109886805333,0.8920685799090421,50,8,Thessaloniki,Winter,wearable-derived field indicator; not clinical or polysomnography-equivalent,PASS,Aggregate pairwise complete correlation; participant-night rows not exported.
Humi_uHoo,SleepLight,residential uHoo IAQ,Garmin-derived wearable sleep indicator,Pearson,-0.034447623798254265,0.8122758696200776,50,8,Thessaloniki,Winter,wearable-derived field indicator; not clinical or polysomnography-equivalent,PASS,Aggregate pairwise complete correlation; participant-night rows not exported.
Humi_uHoo,SleepDeep,residential uHoo IAQ,Garmin-derived wearable sleep indicator,Pearson,-0.15327808389038194,0.2879081226165542,50,8,Thessaloniki,Winter,wearable-derived field indicator; not clinical or polysomnography-equivalent,PASS,Aggregate pairwise complete correlation; participant-night rows not exported.
Humi_uHoo,SleepREM,residential uHoo IAQ,Garmin-derived wearable sleep indicator,Pearson,0.27409960934774835,0.05407638983644421,50,8,Thessaloniki,Winter,wearable-derived field indicator; not clinical or polysomnography-equivalent,PASS,Aggregate pairwise complete correlation; participant-night rows not exported.
PM25_uHoo,SleepTotal,residential uHoo IAQ,Garmin-derived wearable sleep indicator,Pearson,-0.23731950631109539,0.0970231426396949,50,8,Thessaloniki,Winter,wearable-derived field indicator; not clinical or polysomnography-equivalent,PASS,Aggregate pairwise complete correlation; participant-night rows not exported.
PM25_uHoo,SleepLight,residential uHoo IAQ,Garmin-derived wearable sleep indicator,Pearson,-0.3829299171876021,0.0060563537397616655,50,8,Thessaloniki,Winter,wearable-derived field indicator; not clinical or polysomnography-equivalent,PASS,Aggregate pairwise complete correlation; participant-night rows not exported.
PM25_uHoo,SleepDeep,residential uHoo IAQ,Garmin-derived wearable sleep indicator,Pearson,0.28971008938093645,0.04127667668794363,50,8,Thessaloniki,Winter,wearable-derived field indicator; not clinical or polysomnography-equivalent,PASS,Aggregate pairwise complete correlation; participant-night rows not exported.
PM25_uHoo,SleepREM,residential uHoo IAQ,Garmin-derived wearable sleep indicator,Pearson,-0.0006170831533181657,0.9966065510864118,50,8,Thessaloniki,Winter,wearable-derived field indicator; not clinical or polysomnography-equivalent,PASS,Aggregate pairwise complete correlation; participant-night rows not exported.
TVOC_uHoo,SleepTotal,residential uHoo IAQ,Garmin-derived wearable sleep indicator,Pearson,-0.20270773155949143,0.15800539730084318,50,8,Thessaloniki,Winter,wearable-derived field indicator; not clinical or polysomnography-equivalent,PASS,Aggregate pairwise complete correlation; participant-night rows not exported.
TVOC_uHoo,SleepLight,residential uHoo IAQ,Garmin-derived wearable sleep indicator,Pearson,-0.13522104575439292,0.34912746465914835,50,8,Thessaloniki,Winter,wearable-derived field indicator; not clinical or polysomnography-equivalent,PASS,Aggregate pairwise complete correlation; participant-night rows not exported.
TVOC_uHoo,SleepDeep,residential uHoo IAQ,Garmin-derived wearable sleep indicator,Pearson,0.1250921965710753,0.3867260057420128,50,8,Thessaloniki,Winter,wearable-derived field indicator; not clinical or polysomnography-equivalent,PASS,Aggregate pairwise complete correlation; participant-night rows not exported.
TVOC_uHoo,SleepREM,residential uHoo IAQ,Garmin-derived wearable sleep indicator,Pearson,-0.0350554489001483,0.8090249456781675,50,8,Thessaloniki,Winter,wearable-derived field indicator; not clinical or polysomnography-equivalent,PASS,Aggregate pairwise complete correlation; participant-night rows not exported.
CO2_uHoo,SleepTotal,residential uHoo IAQ,Garmin-derived wearable sleep indicator,Pearson,-0.11792544458802515,0.41471767261222003,50,8,Thessaloniki,Winter,wearable-derived field indicator; not clinical or polysomnography-equivalent,PASS,Aggregate pairwise complete correlation; participant-night rows not exported.
CO2_uHoo,SleepLight,residential uHoo IAQ,Garmin-derived wearable sleep indicator,Pearson,0.032554569975728496,0.8224206368342686,50,8,Thessaloniki,Winter,wearable-derived field indicator; not clinical or polysomnography-equivalent,PASS,Aggregate pairwise complete correlation; participant-night rows not exported.
CO2_uHoo,SleepDeep,residential uHoo IAQ,Garmin-derived wearable sleep indicator,Pearson,-0.029047679814435894,0.8412888293354175,50,8,Thessaloniki,Winter,wearable-derived field indicator; not clinical or polysomnography-equivalent,PASS,Aggregate pairwise complete correlation; participant-night rows not exported.
CO2_uHoo,SleepREM,residential uHoo IAQ,Garmin-derived wearable sleep indicator,Pearson,0.006806431142672799,0.962583417611188,50,8,Thessaloniki,Winter,wearable-derived field indicator; not clinical or polysomnography-equivalent,PASS,Aggregate pairwise complete correlation; participant-night rows not exported.
CO_uHoo,SleepTotal,residential uHoo IAQ,Garmin-derived wearable sleep indicator,Pearson,-0.30433101488334147,0.08012832877509245,34,6,Thessaloniki,Winter,wearable-derived field indicator; not clinical or polysomnography-equivalent,PASS,Aggregate pairwise complete correlation; participant-night rows not exported.
CO_uHoo,SleepLight,residential uHoo IAQ,Garmin-derived wearable sleep indicator,Pearson,0.006121241138309502,0.9725917816241882,34,6,Thessaloniki,Winter,wearable-derived field indicator; not clinical or polysomnography-equivalent,PASS,Aggregate pairwise complete correlation; participant-night rows not exported.
CO_uHoo,SleepDeep,residential uHoo IAQ,Garmin-derived wearable sleep indicator,Pearson,0.1322580402654623,0.4558914011924099,34,6,Thessaloniki,Winter,wearable-derived field indicator; not clinical or polysomnography-equivalent,PASS,Aggregate pairwise complete correlation; participant-night rows not exported.
CO_uHoo,SleepREM,residential uHoo IAQ,Garmin-derived wearable sleep indicator,Pearson,-0.20451132368957728,0.24596560448703192,34,6,Thessaloniki,Winter,wearable-derived field indicator; not clinical or polysomnography-equivalent,PASS,Aggregate pairwise complete correlation; participant-night rows not exported.
O3_uHoo,SleepTotal,residential uHoo IAQ,Garmin-derived wearable sleep indicator,Pearson,0.14833429462956665,0.3039245832820807,50,8,Thessaloniki,Winter,wearable-derived field indicator; not clinical or polysomnography-equivalent,PASS,Aggregate pairwise complete correlation; participant-night rows not exported.
O3_uHoo,SleepLight,residential uHoo IAQ,Garmin-derived wearable sleep indicator,Pearson,0.054590855591636706,0.7065205413612692,50,8,Thessaloniki,Winter,wearable-derived field indicator; not clinical or polysomnography-equivalent,PASS,Aggregate pairwise complete correlation; participant-night rows not exported.
O3_uHoo,SleepDeep,residential uHoo IAQ,Garmin-derived wearable sleep indicator,Pearson,-0.004950685955455451,0.9727803415862629,50,8,Thessaloniki,Winter,wearable-derived field indicator; not clinical or polysomnography-equivalent,PASS,Aggregate pairwise complete correlation; participant-night rows not exported.
O3_uHoo,SleepREM,residential uHoo IAQ,Garmin-derived wearable sleep indicator,Pearson,-0.0554809431568613,0.70195565843606,50,8,Thessaloniki,Winter,wearable-derived field indicator; not clinical or polysomnography-equivalent,PASS,Aggregate pairwise complete correlation; participant-night rows not exported.
NO2_uHoo,SleepTotal,residential uHoo IAQ,Garmin-derived wearable sleep indicator,Pearson,-0.1291684933470533,0.37131602265483876,50,8,Thessaloniki,Winter,wearable-derived field indicator; not clinical or polysomnography-equivalent,PASS,Aggregate pairwise complete correlation; participant-night rows not exported.
NO2_uHoo,SleepLight,residential uHoo IAQ,Garmin-derived wearable sleep indicator,Pearson,-0.21938062767278638,0.12583505664176675,50,8,Thessaloniki,Winter,wearable-derived field indicator; not clinical or polysomnography-equivalent,PASS,Aggregate pairwise complete correlation; participant-night rows not exported.
NO2_uHoo,SleepDeep,residential uHoo IAQ,Garmin-derived wearable sleep indicator,Pearson,0.2067396005208861,0.14972321324436333,50,8,Thessaloniki,Winter,wearable-derived field indicator; not clinical or polysomnography-equivalent,PASS,Aggregate pairwise complete correlation; participant-night rows not exported.
NO2_uHoo,SleepREM,residential uHoo IAQ,Garmin-derived wearable sleep indicator,Pearson,-0.062670035857365,0.6654789590226434,50,8,Thessaloniki,Winter,wearable-derived field indicator; not clinical or polysomnography-equivalent,PASS,Aggregate pairwise complete correlation; participant-night rows not exported.
